,RandomForest,XGBoost,CatBoost,rank_RF,rank_XGB,rank_CB
last_interaction_day,0.1652584575795906,2.9385383,2.122688585585455,1,1,1
num_assessments_submitted,0.09902472461223805,0.66205627,0.9394298771963994,2,2,2
studied_credits,0.014913158617566313,0.19518848,0.2362302447880036,6,3,3
